<?xml version="1.0" encoding="UTF-8"?>
<project-private xmlns="http://www.netbeans.org/ns/project-private/1">
    <editor-bookmarks xmlns="http://www.netbeans.org/ns/editor-bookmarks/2" lastBookmarkId="0"/>
    <open-files xmlns="http://www.netbeans.org/ns/projectui-open-files/2">
        <group>
            <file>file:/C:/Users/crist/OneDrive/Documentos/NetBeansProjects/aula28-08Java/src/aula28/pkg08java/TelaCadastro.java</file>
            <file>file:/C:/Users/crist/OneDrive/Documentos/NetBeansProjects/aula28-08Java/src/aula28/pkg08java/Inicial.java</file>
            <file>file:/C:/Users/crist/OneDrive/Documentos/NetBeansProjects/aula28-08Java/src/aula28/pkg08java/TelaCriacaoPost.java</file>
            <file>file:/C:/Users/crist/OneDrive/Documentos/NetBeansProjects/aula28-08Java/src/aula28/pkg08java/ConexaoDataBase.java</file>
            <file>file:/C:/Users/crist/OneDrive/Documentos/NetBeansProjects/aula28-08Java/src/aula28/pkg08java/Post.java</file>
            <file>file:/C:/Users/crist/OneDrive/Documentos/NetBeansProjects/aula28-08Java/src/aula28/pkg08java/TelaLogin1.java</file>
            <file>file:/C:/Users/crist/OneDrive/Documentos/NetBeansProjects/aula28-08Java/src/aula28/pkg08java/CriarPost.java</file>
            <file>file:/C:/Users/crist/OneDrive/Documentos/NetBeansProjects/aula28-08Java/src/aula28/pkg08java/TelaPrincipal.java</file>
        </group>
    </open-files>
</project-private>
